"rule","engine","severity","tags","file","startLine","startColumn","endLine","endColumn","message","resources"
"NoTrailingWhitespace","regex",5,"Recommended,CodeStyle,Apex","force-app/main/default/classes/ChangePasswordController.cls",7,48,7,56,"Found trailing whitespace at the end of a line of code.",
"NoTrailingWhitespace","regex",5,"Recommended,CodeStyle,Apex","force-app/main/default/classes/ChangePasswordController.cls",8,1,8,5,"Found trailing whitespace at the end of a line of code.",
"NoTrailingWhitespace","regex",5,"Recommended,CodeStyle,Apex","force-app/main/default/classes/ChangePasswordController.cls",10,81,10,85,"Found trailing whitespace at the end of a line of code.",
"NoTrailingWhitespace","regex",5,"Recommended,CodeStyle,Apex","force-app/main/default/classes/ChangePasswordController.cls",11,6,11,11,"Found trailing whitespace at the end of a line of code.",
"NoTrailingWhitespace","regex",5,"Recommended,CodeStyle,Apex","force-app/main/default/classes/ChangePasswordController.cls",12,1,12,5,"Found trailing whitespace at the end of a line of code.",
"NoTrailingWhitespace","regex",5,"Recommended,CodeStyle,Apex","force-app/main/default/classes/ChangePasswordControllerTest.cls",9,44,9,45,"Found trailing whitespace at the end of a line of code.",
"NoTrailingWhitespace","regex",5,"Recommended,CodeStyle,Apex","force-app/main/default/classes/ChangePasswordControllerTest.cls",10,50,10,66,"Found trailing whitespace at the end of a line of code.",
"NoTrailingWhitespace","regex",5,"Recommended,CodeStyle,Apex","force-app/main/default/classes/ChangePasswordControllerTest.cls",11,1,11,9,"Found trailing whitespace at the end of a line of code.",
"NoTrailingWhitespace","regex",5,"Recommended,CodeStyle,Apex","force-app/main/default/classes/ChangePasswordControllerTest.cls",12,63,12,90,"Found trailing whitespace at the end of a line of code.",
"NoTrailingWhitespace","regex",5,"Recommended,CodeStyle,Apex","force-app/main/default/classes/ChangePasswordControllerTest.cls",13,6,13,10,"Found trailing whitespace at the end of a line of code.",
"NoTrailingWhitespace","regex",5,"Recommended,CodeStyle,Apex","force-app/main/default/classes/CheckOutProcessor.cls",2,1,2,5,"Found trailing whitespace at the end of a line of code.",
"NoTrailingWhitespace","regex",5,"Recommended,CodeStyle,Apex","force-app/main/default/classes/CheckOutProcessor.cls",6,1,6,9,"Found trailing whitespace at the end of a line of code.",
"NoTrailingWhitespace","regex",5,"Recommended,CodeStyle,Apex","force-app/main/default/classes/CheckOutProcessor.cls",11,1,11,9,"Found trailing whitespace at the end of a line of code.",
"NoTrailingWhitespace","regex",5,"Recommended,CodeStyle,Apex","force-app/main/default/classes/CheckOutProcessor.cls",13,1,13,9,"Found trailing whitespace at the end of a line of code.",
"NoTrailingWhitespace","regex",5,"Recommended,CodeStyle,Apex","force-app/main/default/classes/CheckOutProcessor.cls",17,71,17,72,"Found trailing whitespace at the end of a line of code.",
"NoTrailingWhitespace","regex",5,"Recommended,CodeStyle,Apex","force-app/main/default/classes/CheckOutProcessor.cls",19,30,19,31,"Found trailing whitespace at the end of a line of code.",
"NoTrailingWhitespace","regex",5,"Recommended,CodeStyle,Apex","force-app/main/default/classes/CheckOutProcessor.cls",25,1,25,9,"Found trailing whitespace at the end of a line of code.",
"NoTrailingWhitespace","regex",5,"Recommended,CodeStyle,Apex","force-app/main/default/classes/CheckOutProcessor.cls",28,1,28,13,"Found trailing whitespace at the end of a line of code.",
"NoTrailingWhitespace","regex",5,"Recommended,CodeStyle,Apex","force-app/main/default/classes/CheckOutProcessor.cls",31,1,31,13,"Found trailing whitespace at the end of a line of code.",
"NoTrailingWhitespace","regex",5,"Recommended,CodeStyle,Apex","force-app/main/default/classes/CheckOutProcessor.cls",33,63,33,64,"Found trailing whitespace at the end of a line of code.",
"NoTrailingWhitespace","regex",5,"Recommended,CodeStyle,Apex","force-app/main/default/classes/CheckOutProcessor.cls",34,63,34,64,"Found trailing whitespace at the end of a line of code.",
"NoTrailingWhitespace","regex",5,"Recommended,CodeStyle,Apex","force-app/main/default/classes/CheckOutProcessor.cls",39,1,39,9,"Found trailing whitespace at the end of a line of code.",
"NoTrailingWhitespace","regex",5,"Recommended,CodeStyle,Apex","force-app/main/default/classes/CheckOutProcessor.cls",44,1,44,9,"Found trailing whitespace at the end of a line of code.",
"NoTrailingWhitespace","regex",5,"Recommended,CodeStyle,Apex","force-app/main/default/classes/CheckOutProcessor.cls",47,22,47,23,"Found trailing whitespace at the end of a line of code.",
"NoTrailingWhitespace","regex",5,"Recommended,CodeStyle,Apex","force-app/main/default/classes/CheckOutProcessor.cls",48,29,48,30,"Found trailing whitespace at the end of a line of code.",
"NoTrailingWhitespace","regex",5,"Recommended,CodeStyle,Apex","force-app/main/default/classes/CheckOutProcessor.cls",51,1,51,9,"Found trailing whitespace at the end of a line of code.",
"NoTrailingWhitespace","regex",5,"Recommended,CodeStyle,Apex","force-app/main/default/classes/CheckOutProcessor.cls",60,1,60,9,"Found trailing whitespace at the end of a line of code.",
"NoTrailingWhitespace","regex",5,"Recommended,CodeStyle,Apex","force-app/main/default/classes/CommunitiesLandingController.cls",5,1,5,5,"Found trailing whitespace at the end of a line of code.",
"NoTrailingWhitespace","regex",5,"Recommended,CodeStyle,Apex","force-app/main/default/classes/CommunitiesLandingController.cls",10,1,10,5,"Found trailing whitespace at the end of a line of code.",
"NoTrailingWhitespace","regex",5,"Recommended,CodeStyle,Apex","force-app/main/default/classes/CommunitiesLoginController.cls",7,1,7,5,"Found trailing whitespace at the end of a line of code.",
"NoTrailingWhitespace","regex",5,"Recommended,CodeStyle,Apex","force-app/main/default/classes/CommunitiesLoginControllerTest.cls",5,29,5,30,"Found trailing whitespace at the end of a line of code.",
"NoTrailingWhitespace","regex",5,"Recommended,CodeStyle,Apex","force-app/main/default/classes/CommunitiesLoginControllerTest.cls",8,65,8,72,"Found trailing whitespace at the end of a line of code.",
"NoTrailingWhitespace","regex",5,"Recommended,CodeStyle,Apex","force-app/main/default/classes/CommunitiesLoginControllerTest.cls",9,6,9,10,"Found trailing whitespace at the end of a line of code.",
"NoTrailingWhitespace","regex",5,"Recommended,CodeStyle,Apex","force-app/main/default/classes/CommunitiesSelfRegConfirmController.cls",5,1,5,5,"Found trailing whitespace at the end of a line of code.",
"NoTrailingWhitespace","regex",5,"Recommended,CodeStyle,Apex","force-app/main/default/classes/CommunitiesSelfRegConfirmControllerTest.cls",8,8,8,12,"Found trailing whitespace at the end of a line of code.",
"NoTrailingWhitespace","regex",5,"Recommended,CodeStyle,Apex","force-app/main/default/classes/CommunitiesSelfRegController.cls",12,1,12,5,"Found trailing whitespace at the end of a line of code.",
"NoTrailingWhitespace","regex",5,"Recommended,CodeStyle,Apex","force-app/main/default/classes/CommunitiesSelfRegController.cls",14,77,14,89,"Found trailing whitespace at the end of a line of code.",
"NoTrailingWhitespace","regex",5,"Recommended,CodeStyle,Apex","force-app/main/default/classes/CommunitiesSelfRegController.cls",16,41,16,42,"Found trailing whitespace at the end of a line of code.",
"NoTrailingWhitespace","regex",5,"Recommended,CodeStyle,Apex","force-app/main/default/classes/CommunitiesSelfRegController.cls",17,10,17,14,"Found trailing whitespace at the end of a line of code.",
"NoTrailingWhitespace","regex",5,"Recommended,CodeStyle,Apex","force-app/main/default/classes/CommunitiesSelfRegController.cls",19,1,19,5,"Found trailing whitespace at the end of a line of code.",
"NoTrailingWhitespace","regex",5,"Recommended,CodeStyle,Apex","force-app/main/default/classes/CommunitiesSelfRegController.cls",25,1,25,5,"Found trailing whitespace at the end of a line of code.",
"NoTrailingWhitespace","regex",5,"Recommended,CodeStyle,Apex","force-app/main/default/classes/CommunitiesSelfRegController.cls",31,10,31,14,"Found trailing whitespace at the end of a line of code.",
"NoTrailingWhitespace","regex",5,"Recommended,CodeStyle,Apex","force-app/main/default/classes/CommunitiesSelfRegController.cls",36,1,36,9,"Found trailing whitespace at the end of a line of code.",
"NoTrailingWhitespace","regex",5,"Recommended,CodeStyle,Apex","force-app/main/default/classes/CommunitiesSelfRegController.cls",46,1,46,3,"Found trailing whitespace at the end of a line of code.",
"NoTrailingWhitespace","regex",5,"Recommended,CodeStyle,Apex","force-app/main/default/classes/CommunitiesSelfRegController.cls",56,1,56,13,"Found trailing whitespace at the end of a line of code.",
"NoTrailingWhitespace","regex",5,"Recommended,CodeStyle,Apex","force-app/main/default/classes/CommunitiesSelfRegController.cls",61,1,61,9,"Found trailing whitespace at the end of a line of code.",
"NoTrailingWhitespace","regex",5,"Recommended,CodeStyle,Apex","force-app/main/default/classes/CommunitiesSelfRegController.cls",62,30,62,31,"Found trailing whitespace at the end of a line of code.",
"NoTrailingWhitespace","regex",5,"Recommended,CodeStyle,Apex","force-app/main/default/classes/CommunitiesSelfRegControllerTest.cls",5,29,5,30,"Found trailing whitespace at the end of a line of code.",
"NoTrailingWhitespace","regex",5,"Recommended,CodeStyle,Apex","force-app/main/default/classes/CommunitiesSelfRegControllerTest.cls",12,1,12,9,"Found trailing whitespace at the end of a line of code.",
"NoTrailingWhitespace","regex",5,"Recommended,CodeStyle,Apex","force-app/main/default/classes/CommunitiesSelfRegControllerTest.cls",14,58,14,62,"Found trailing whitespace at the end of a line of code.",
"NoTrailingWhitespace","regex",5,"Recommended,CodeStyle,Apex","force-app/main/default/classes/CommunitiesSelfRegControllerTest.cls",15,1,15,9,"Found trailing whitespace at the end of a line of code.",
"NoTrailingWhitespace","regex",5,"Recommended,CodeStyle,Apex","force-app/main/default/classes/CommunitiesSelfRegControllerTest.cls",18,58,18,60,"Found trailing whitespace at the end of a line of code.",
"NoTrailingWhitespace","regex",5,"Recommended,CodeStyle,Apex","force-app/main/default/classes/CommunitiesSelfRegControllerTest.cls",19,6,19,10,"Found trailing whitespace at the end of a line of code.",
"NoTrailingWhitespace","regex",5,"Recommended,CodeStyle,Apex","force-app/main/default/classes/FlightAgent.cls",45,1,45,5,"Found trailing whitespace at the end of a line of code.",
"NoTrailingWhitespace","regex",5,"Recommended,CodeStyle,Apex","force-app/main/default/classes/FoodOptionService.cls",6,1,6,5,"Found trailing whitespace at the end of a line of code.",
"NoTrailingWhitespace","regex",5,"Recommended,CodeStyle,Apex","force-app/main/default/classes/FoodOptionService.cls",14,43,14,44,"Found trailing whitespace at the end of a line of code.",
"NoTrailingWhitespace","regex",5,"Recommended,CodeStyle,Apex","force-app/main/default/classes/FoodOptionService.cls",15,32,15,33,"Found trailing whitespace at the end of a line of code.",
"NoTrailingWhitespace","regex",5,"Recommended,CodeStyle,Apex","force-app/main/default/classes/FoodOptionService.cls",16,1,16,13,"Found trailing whitespace at the end of a line of code.",
"NoTrailingWhitespace","regex",5,"Recommended,CodeStyle,Apex","force-app/main/default/classes/FoodOrderAction.cls",2,1,2,5,"Found trailing whitespace at the end of a line of code.",
"NoTrailingWhitespace","regex",5,"Recommended,CodeStyle,Apex","force-app/main/default/classes/FoodOrderAction.cls",10,1,10,5,"Found trailing whitespace at the end of a line of code.",
"NoTrailingWhitespace","regex",5,"Recommended,CodeStyle,Apex","force-app/main/default/classes/FoodOrderAction.cls",18,1,18,5,"Found trailing whitespace at the end of a line of code.",
"NoTrailingWhitespace","regex",5,"Recommended,CodeStyle,Apex","force-app/main/default/classes/FoodOrderAction.cls",28,1,28,9,"Found trailing whitespace at the end of a line of code.",
"NoTrailingWhitespace","regex",5,"Recommended,CodeStyle,Apex","force-app/main/default/classes/FoodOrderAction.cls",32,30,32,31,"Found trailing whitespace at the end of a line of code.",
"NoTrailingWhitespace","regex",5,"Recommended,CodeStyle,Apex","force-app/main/default/classes/FoodOrderAction.cls",35,1,35,13,"Found trailing whitespace at the end of a line of code.",
"NoTrailingWhitespace","regex",5,"Recommended,CodeStyle,Apex","force-app/main/default/classes/FoodOrderAction.cls",41,1,41,13,"Found trailing whitespace at the end of a line of code.",
"NoTrailingWhitespace","regex",5,"Recommended,CodeStyle,Apex","force-app/main/default/classes/FoodOrderAction.cls",44,36,44,37,"Found trailing whitespace at the end of a line of code.",
"NoTrailingWhitespace","regex",5,"Recommended,CodeStyle,Apex","force-app/main/default/classes/FoodOrderAction.cls",45,36,45,37,"Found trailing whitespace at the end of a line of code.",
"NoTrailingWhitespace","regex",5,"Recommended,CodeStyle,Apex","force-app/main/default/classes/FoodOrderAction.cls",48,1,48,13,"Found trailing whitespace at the end of a line of code.",
"NoTrailingWhitespace","regex",5,"Recommended,CodeStyle,Apex","force-app/main/default/classes/FoodOrderAction.cls",52,1,52,13,"Found trailing whitespace at the end of a line of code.",
"NoTrailingWhitespace","regex",5,"Recommended,CodeStyle,Apex","force-app/main/default/classes/FoodOrderAction.cls",54,1,54,13,"Found trailing whitespace at the end of a line of code.",
"NoTrailingWhitespace","regex",5,"Recommended,CodeStyle,Apex","force-app/main/default/classes/FoodOrderAction.cls",57,1,57,13,"Found trailing whitespace at the end of a line of code.",
"NoTrailingWhitespace","regex",5,"Recommended,CodeStyle,Apex","force-app/main/default/classes/FoodOrderAction.cls",72,1,72,13,"Found trailing whitespace at the end of a line of code.",
"NoTrailingWhitespace","regex",5,"Recommended,CodeStyle,Apex","force-app/main/default/classes/FoodOrderAction.cls",75,1,75,13,"Found trailing whitespace at the end of a line of code.",
"NoTrailingWhitespace","regex",5,"Recommended,CodeStyle,Apex","force-app/main/default/classes/FoodOrderAction.cls",80,1,80,13,"Found trailing whitespace at the end of a line of code.",
"NoTrailingWhitespace","regex",5,"Recommended,CodeStyle,Apex","force-app/main/default/classes/FoodOrderAction.cls",83,58,83,59,"Found trailing whitespace at the end of a line of code.",
"NoTrailingWhitespace","regex",5,"Recommended,CodeStyle,Apex","force-app/main/default/classes/FoodOrderAction.cls",84,69,84,70,"Found trailing whitespace at the end of a line of code.",
"NoTrailingWhitespace","regex",5,"Recommended,CodeStyle,Apex","force-app/main/default/classes/FoodOrderAction.cls",85,63,85,64,"Found trailing whitespace at the end of a line of code.",
"NoTrailingWhitespace","regex",5,"Recommended,CodeStyle,Apex","force-app/main/default/classes/FoodOrderAction.cls",86,63,86,64,"Found trailing whitespace at the end of a line of code.",
"NoTrailingWhitespace","regex",5,"Recommended,CodeStyle,Apex","force-app/main/default/classes/FoodOrderAction.cls",89,1,89,13,"Found trailing whitespace at the end of a line of code.",
"NoTrailingWhitespace","regex",5,"Recommended,CodeStyle,Apex","force-app/main/default/classes/FoodOrderAction.cls",91,1,91,13,"Found trailing whitespace at the end of a line of code.",
"NoTrailingWhitespace","regex",5,"Recommended,CodeStyle,Apex","force-app/main/default/classes/FoodOrderAction.cls",96,1,96,9,"Found trailing whitespace at the end of a line of code.",
"NoTrailingWhitespace","regex",5,"Recommended,CodeStyle,Apex","force-app/main/default/classes/ForgotPasswordController.cls",5,39,5,42,"Found trailing whitespace at the end of a line of code.",
"NoTrailingWhitespace","regex",5,"Recommended,CodeStyle,Apex","force-app/main/default/classes/ForgotPasswordController.cls",6,1,6,8,"Found trailing whitespace at the end of a line of code.",
"NoTrailingWhitespace","regex",5,"Recommended,CodeStyle,Apex","force-app/main/default/classes/ForgotPasswordController.cls",8,1,8,2,"Found trailing whitespace at the end of a line of code.",
"NoTrailingWhitespace","regex",5,"Recommended,CodeStyle,Apex","force-app/main/default/classes/ForgotPasswordController.cls",13,1,13,5,"Found trailing whitespace at the end of a line of code.",
"NoTrailingWhitespace","regex",5,"Recommended,CodeStyle,Apex","force-app/main/default/classes/ForgotPasswordController.cls",14,19,14,24,"Found trailing whitespace at the end of a line of code.",
"NoTrailingWhitespace","regex",5,"Recommended,CodeStyle,Apex","force-app/main/default/classes/ForgotPasswordControllerTest.cls",8,50,8,56,"Found trailing whitespace at the end of a line of code.",
"NoTrailingWhitespace","regex",5,"Recommended,CodeStyle,Apex","force-app/main/default/classes/ForgotPasswordControllerTest.cls",9,1,9,5,"Found trailing whitespace at the end of a line of code.",
"NoTrailingWhitespace","regex",5,"Recommended,CodeStyle,Apex","force-app/main/default/classes/ForgotPasswordControllerTest.cls",10,60,10,61,"Found trailing whitespace at the end of a line of code.",
"NoTrailingWhitespace","regex",5,"Recommended,CodeStyle,Apex","force-app/main/default/classes/MyProfilePageController.cls",52,6,52,10,"Found trailing whitespace at the end of a line of code.",
"NoTrailingWhitespace","regex",5,"Recommended,CodeStyle,Apex","force-app/main/default/classes/MyProfilePageControllerTest.cls",21,1,21,13,"Found trailing whitespace at the end of a line of code.",
"NoTrailingWhitespace","regex",5,"Recommended,CodeStyle,Apex","force-app/main/default/classes/MyProfilePageControllerTest.cls",23,1,23,13,"Found trailing whitespace at the end of a line of code.",
"NoTrailingWhitespace","regex",5,"Recommended,CodeStyle,Apex","force-app/main/default/classes/MyProfilePageControllerTest.cls",28,1,28,13,"Found trailing whitespace at the end of a line of code.",
"NoTrailingWhitespace","regex",5,"Recommended,CodeStyle,Apex","force-app/main/default/classes/SiteLoginController.cls",12,1,12,5,"Found trailing whitespace at the end of a line of code.",
"NoTrailingWhitespace","regex",5,"Recommended,CodeStyle,Apex","force-app/main/default/classes/SiteLoginControllerTest.cls",9,40,9,41,"Found trailing whitespace at the end of a line of code.",
"NoTrailingWhitespace","regex",5,"Recommended,CodeStyle,Apex","force-app/main/default/classes/SiteLoginControllerTest.cls",10,1,10,17,"Found trailing whitespace at the end of a line of code.",
"NoTrailingWhitespace","regex",5,"Recommended,CodeStyle,Apex","force-app/main/default/classes/SiteLoginControllerTest.cls",11,54,11,81,"Found trailing whitespace at the end of a line of code.",
"NoTrailingWhitespace","regex",5,"Recommended,CodeStyle,Apex","force-app/main/default/classes/SiteLoginControllerTest.cls",12,6,12,10,"Found trailing whitespace at the end of a line of code.",
"NoTrailingWhitespace","regex",5,"Recommended,CodeStyle,Apex","force-app/main/default/classes/SiteRegisterController.cls",6,149,6,156,"Found trailing whitespace at the end of a line of code.",
"NoTrailingWhitespace","regex",5,"Recommended,CodeStyle,Apex","force-app/main/default/classes/SiteRegisterController.cls",8,1,8,5,"Found trailing whitespace at the end of a line of code.",
"NoTrailingWhitespace","regex",5,"Recommended,CodeStyle,Apex","force-app/main/default/classes/SiteRegisterController.cls",17,1,17,7,"Found trailing whitespace at the end of a line of code.",
"NoTrailingWhitespace","regex",5,"Recommended,CodeStyle,Apex","force-app/main/default/classes/SiteRegisterController.cls",21,1,21,5,"Found trailing whitespace at the end of a line of code.",
"NoTrailingWhitespace","regex",5,"Recommended,CodeStyle,Apex","force-app/main/default/classes/SiteRegisterController.cls",28,10,28,14,"Found trailing whitespace at the end of a line of code.",
"NoTrailingWhitespace","regex",5,"Recommended,CodeStyle,Apex","force-app/main/default/classes/SiteRegisterController.cls",33,1,33,9,"Found trailing whitespace at the end of a line of code.",
"NoTrailingWhitespace","regex",5,"Recommended,CodeStyle,Apex","force-app/main/default/classes/SiteRegisterController.cls",38,30,38,31,"Found trailing whitespace at the end of a line of code.",
"NoTrailingWhitespace","regex",5,"Recommended,CodeStyle,Apex","force-app/main/default/classes/SiteRegisterControllerTest.cls",11,58,11,62,"Found trailing whitespace at the end of a line of code.",
"NoTrailingWhitespace","regex",5,"Recommended,CodeStyle,Apex","force-app/main/default/classes/SiteRegisterControllerTest.cls",12,1,12,9,"Found trailing whitespace at the end of a line of code.",
"NoTrailingWhitespace","regex",5,"Recommended,CodeStyle,Apex","force-app/main/default/classes/SiteRegisterControllerTest.cls",15,58,15,60,"Found trailing whitespace at the end of a line of code.",
"ApexDoc","pmd",4,"Recommended,Documentation,Apex","force-app/main/default/classes/AccountBulkContactsController.cls",1,21,103,2,"Missing ApexDoc comment","https://docs.pmd-code.org/pmd-doc-7.16.0/pmd_rules_apex_documentation.html#apexdoc"
"ApexDoc","pmd",4,"Recommended,Documentation,Apex","force-app/main/default/classes/AccountBulkContactsController.cls",2,10,15,4,"Missing ApexDoc comment","https://docs.pmd-code.org/pmd-doc-7.16.0/pmd_rules_apex_documentation.html#apexdoc"
"FieldNamingConventions","pmd",3,"Recommended,CodeStyle,Apex","force-app/main/default/classes/AccountBulkContactsController.cls",4,19,4,28,"The instance field name 'FirstName' doesn't match '[a-z][a-zA-Z0-9]*'","https://docs.pmd-code.org/pmd-doc-7.16.0/pmd_rules_apex_codestyle.html#fieldnamingconventions"
"FieldNamingConventions","pmd",3,"Recommended,CodeStyle,Apex","force-app/main/default/classes/AccountBulkContactsController.cls",6,19,6,27,"The instance field name 'LastName' doesn't match '[a-z][a-zA-Z0-9]*'","https://docs.pmd-code.org/pmd-doc-7.16.0/pmd_rules_apex_codestyle.html#fieldnamingconventions"
"FieldNamingConventions","pmd",3,"Recommended,CodeStyle,Apex","force-app/main/default/classes/AccountBulkContactsController.cls",8,19,8,24,"The instance field name 'Email' doesn't match '[a-z][a-zA-Z0-9]*'","https://docs.pmd-code.org/pmd-doc-7.16.0/pmd_rules_apex_codestyle.html#fieldnamingconventions"
"FieldNamingConventions","pmd",3,"Recommended,CodeStyle,Apex","force-app/main/default/classes/AccountBulkContactsController.cls",10,19,10,24,"The instance field name 'Title' doesn't match '[a-z][a-zA-Z0-9]*'","https://docs.pmd-code.org/pmd-doc-7.16.0/pmd_rules_apex_codestyle.html#fieldnamingconventions"
"FieldNamingConventions","pmd",3,"Recommended,CodeStyle,Apex","force-app/main/default/classes/AccountBulkContactsController.cls",12,19,12,24,"The instance field name 'Phone' doesn't match '[a-z][a-zA-Z0-9]*'","https://docs.pmd-code.org/pmd-doc-7.16.0/pmd_rules_apex_codestyle.html#fieldnamingconventions"
"FieldNamingConventions","pmd",3,"Recommended,CodeStyle,Apex","force-app/main/default/classes/AccountBulkContactsController.cls",14,19,14,29,"The instance field name 'Department' doesn't match '[a-z][a-zA-Z0-9]*'","https://docs.pmd-code.org/pmd-doc-7.16.0/pmd_rules_apex_codestyle.html#fieldnamingconventions"
"ApexDoc","pmd",4,"Recommended,Documentation,Apex","force-app/main/default/classes/AccountBulkContactsController.cls",17,10,29,4,"Missing ApexDoc comment","https://docs.pmd-code.org/pmd-doc-7.16.0/pmd_rules_apex_documentation.html#apexdoc"
"ApexDoc","pmd",4,"Recommended,Documentation,Apex","force-app/main/default/classes/AccountBulkContactsController.cls",24,12,28,6,"Missing ApexDoc comment","https://docs.pmd-code.org/pmd-doc-7.16.0/pmd_rules_apex_documentation.html#apexdoc"
"AvoidBooleanMethodParameters","pmd",3,"Recommended,Design,Apex","force-app/main/default/classes/AccountBulkContactsController.cls",24,19,24,34,"Avoid Boolean method parameters","https://docs.pmd-code.org/pmd-doc-7.16.0/pmd_rules_apex_design.html#avoidbooleanmethodparameters"
"ApexDoc","pmd",4,"Recommended,Documentation,Apex","force-app/main/default/classes/AccountBulkContactsController.cls",32,17,102,4,"Missing ApexDoc comment","https://docs.pmd-code.org/pmd-doc-7.16.0/pmd_rules_apex_documentation.html#apexdoc"
"NcssMethodCount","pmd",4,"Recommended,Design,Apex","force-app/main/default/classes/AccountBulkContactsController.cls",32,17,102,4,"The method 'insertContacts()' has an NCSS line count of 44 (limit: 40)","https://docs.pmd-code.org/pmd-doc-7.16.0/pmd_rules_apex_design.html#ncssmethodcount"
"CognitiveComplexity","pmd",3,"Recommended,Design,Apex","force-app/main/default/classes/AccountBulkContactsController.cls",32,17,102,4,"The method 'insertContacts(Id, List<ContactInput>)' has a cognitive complexity of 16, current threshold is 15","https://docs.pmd-code.org/pmd-doc-7.16.0/pmd_rules_apex_design.html#cognitivecomplexity"
"CyclomaticComplexity","pmd",3,"Recommended,Design,Apex","force-app/main/default/classes/AccountBulkContactsController.cls",32,17,102,4,"The method 'insertContacts(Id, List<ContactInput>)' has a cyclomatic complexity of 14.","https://docs.pmd-code.org/pmd-doc-7.16.0/pmd_rules_apex_design.html#cyclomaticcomplexity"
"AvoidDebugStatements","pmd",4,"Recommended,Performance,Apex","force-app/main/default/classes/AccountBulkContactsController.cls",36,5,36,53,"Avoid debug statements since they impact on performance","https://docs.pmd-code.org/pmd-doc-7.16.0/pmd_rules_apex_performance.html#avoiddebugstatements"
"DebugsShouldUseLoggingLevel","pmd",4,"Recommended,BestPractices,Apex","force-app/main/default/classes/AccountBulkContactsController.cls",36,5,36,53,"Calls to System.debug should specify a logging level.","https://docs.pmd-code.org/pmd-doc-7.16.0/pmd_rules_apex_bestpractices.html#debugsshoulduselogginglevel"
"AvoidDebugStatements","pmd",4,"Recommended,Performance,Apex","force-app/main/default/classes/AccountBulkContactsController.cls",37,5,40,6,"Avoid debug statements since they impact on performance","https://docs.pmd-code.org/pmd-doc-7.16.0/pmd_rules_apex_performance.html#avoiddebugstatements"
"DebugsShouldUseLoggingLevel","pmd",4,"Recommended,BestPractices,Apex","force-app/main/default/classes/AccountBulkContactsController.cls",37,5,40,6,"Calls to System.debug should specify a logging level.","https://docs.pmd-code.org/pmd-doc-7.16.0/pmd_rules_apex_bestpractices.html#debugsshoulduselogginglevel"
"AvoidDebugStatements","pmd",4,"Recommended,Performance,Apex","force-app/main/default/classes/AccountBulkContactsController.cls",43,9,43,58,"Avoid debug statements since they impact on performance","https://docs.pmd-code.org/pmd-doc-7.16.0/pmd_rules_apex_performance.html#avoiddebugstatements"
"DebugsShouldUseLoggingLevel","pmd",4,"Recommended,BestPractices,Apex","force-app/main/default/classes/AccountBulkContactsController.cls",43,9,43,58,"Calls to System.debug should specify a logging level.","https://docs.pmd-code.org/pmd-doc-7.16.0/pmd_rules_apex_bestpractices.html#debugsshoulduselogginglevel"
"AvoidDebugStatements","pmd",4,"Recommended,Performance,Apex","force-app/main/default/classes/AccountBulkContactsController.cls",64,7,64,54,"Avoid debug statements since they impact on performance","https://docs.pmd-code.org/pmd-doc-7.16.0/pmd_rules_apex_performance.html#avoiddebugstatements"
"DebugsShouldUseLoggingLevel","pmd",4,"Recommended,BestPractices,Apex","force-app/main/default/classes/AccountBulkContactsController.cls",64,7,64,54,"Calls to System.debug should specify a logging level.","https://docs.pmd-code.org/pmd-doc-7.16.0/pmd_rules_apex_bestpractices.html#debugsshoulduselogginglevel"
"IfStmtsMustUseBraces","pmd",3,"Recommended,CodeStyle,Apex","force-app/main/default/classes/AccountBulkContactsController.cls",67,9,67,18,"Avoid using if statements without curly braces","https://docs.pmd-code.org/pmd-doc-7.16.0/pmd_rules_apex_codestyle.html#ifstmtsmustusebraces"
"IfElseStmtsMustUseBraces","pmd",3,"Recommended,CodeStyle,Apex","force-app/main/default/classes/AccountBulkContactsController.cls",67,9,67,18,"Avoid using if...else statements without curly braces","https://docs.pmd-code.org/pmd-doc-7.16.0/pmd_rules_apex_codestyle.html#ifelsestmtsmustusebraces"
"ApexCRUDViolation","pmd",2,"Recommended,Security,Apex","force-app/main/default/classes/AccountBulkContactsController.cls",87,7,87,23,"Validate CRUD permission before SOQL/DML operation or enforce user mode","https://docs.pmd-code.org/pmd-doc-7.16.0/pmd_rules_apex_security.html#apexcrudviolation"
"AvoidGlobalModifier","pmd",3,"Recommended,BestPractices,Apex","force-app/main/default/classes/AccountInformation.cls",2,8,40,2,"Avoid using global modifier","https://docs.pmd-code.org/pmd-doc-7.16.0/pmd_rules_apex_bestpractices.html#avoidglobalmodifier"
"ApexDoc","pmd",4,"Recommended,Documentation,Apex","force-app/main/default/classes/AccountInformation.cls",2,8,40,2,"Missing ApexDoc comment","https://docs.pmd-code.org/pmd-doc-7.16.0/pmd_rules_apex_documentation.html#apexdoc"
"FieldNamingConventions","pmd",3,"Recommended,CodeStyle,Apex","force-app/main/default/classes/AccountInformation.cls",4,15,4,17,"The instance field name 'Id' doesn't match '[a-z][a-zA-Z0-9]*'","https://docs.pmd-code.org/pmd-doc-7.16.0/pmd_rules_apex_codestyle.html#fieldnamingconventions"
"ApexDoc","pmd",4,"Recommended,Documentation,Apex","force-app/main/default/classes/AccountInformation.cls",29,12,39,6,"Missing ApexDoc comment","https://docs.pmd-code.org/pmd-doc-7.16.0/pmd_rules_apex_documentation.html#apexdoc"
"AvoidGlobalModifier","pmd",3,"Recommended,BestPractices,Apex","force-app/main/default/classes/AccountRequestFilter.cls",2,21,8,2,"Avoid using global modifier","https://docs.pmd-code.org/pmd-doc-7.16.0/pmd_rules_apex_bestpractices.html#avoidglobalmodifier"
"ApexDoc","pmd",4,"Recommended,Documentation,Apex","force-app/main/default/classes/AccountRequestFilter.cls",2,21,8,2,"Missing ApexDoc comment","https://docs.pmd-code.org/pmd-doc-7.16.0/pmd_rules_apex_documentation.html#apexdoc"
"AvoidGlobalModifier","pmd",3,"Recommended,BestPractices,Apex","force-app/main/default/classes/AccountResults.cls",2,8,5,2,"Avoid using global modifier","https://docs.pmd-code.org/pmd-doc-7.16.0/pmd_rules_apex_bestpractices.html#avoidglobalmodifier"
"ApexDoc","pmd",4,"Recommended,Documentation,Apex","force-app/main/default/classes/AccountResults.cls",2,8,5,2,"Missing ApexDoc comment","https://docs.pmd-code.org/pmd-doc-7.16.0/pmd_rules_apex_documentation.html#apexdoc"
"AvoidGlobalModifier","pmd",3,"Recommended,BestPractices,Apex","force-app/main/default/classes/AccountSearchAgent.cls",1,21,54,2,"Avoid using global modifier","https://docs.pmd-code.org/pmd-doc-7.16.0/pmd_rules_apex_bestpractices.html#avoidglobalmodifier"
"ApexDoc","pmd",4,"Recommended,Documentation,Apex","force-app/main/default/classes/AccountSearchAgent.cls",1,21,54,2,"Missing ApexDoc comment","https://docs.pmd-code.org/pmd-doc-7.16.0/pmd_rules_apex_documentation.html#apexdoc"
"ApexDoc","pmd",4,"Recommended,Documentation,Apex","force-app/main/default/classes/AccountSearchAgent.cls",4,19,41,6,"Missing ApexDoc comment","https://docs.pmd-code.org/pmd-doc-7.16.0/pmd_rules_apex_documentation.html#apexdoc"
"ApexCRUDViolation","pmd",2,"Recommended,Security,Apex","force-app/main/default/classes/AccountSearchAgent.cls",25,33,31,10,"Validate CRUD permission before SOQL/DML operation or enforce user mode","https://docs.pmd-code.org/pmd-doc-7.16.0/pmd_rules_apex_security.html#apexcrudviolation"
"ApexDoc","pmd",4,"Recommended,Documentation,Apex","force-app/main/default/classes/AccountSearchAgent.cls",44,12,47,6,"Missing ApexDoc comment","https://docs.pmd-code.org/pmd-doc-7.16.0/pmd_rules_apex_documentation.html#apexdoc"
"ApexDoc","pmd",4,"Recommended,Documentation,Apex","force-app/main/default/classes/AccountSearchAgent.cls",50,12,53,6,"Missing ApexDoc comment","https://docs.pmd-code.org/pmd-doc-7.16.0/pmd_rules_apex_documentation.html#apexdoc"
"AvoidGlobalModifier","pmd",3,"Recommended,BestPractices,Apex","force-app/main/default/classes/AvailableFlight.cls",2,8,6,2,"Avoid using global modifier","https://docs.pmd-code.org/pmd-doc-7.16.0/pmd_rules_apex_bestpractices.html#avoidglobalmodifier"
"ApexDoc","pmd",4,"Recommended,Documentation,Apex","force-app/main/default/classes/AvailableFlight.cls",2,8,6,2,"Missing ApexDoc comment","https://docs.pmd-code.org/pmd-doc-7.16.0/pmd_rules_apex_documentation.html#apexdoc"
"ApexDoc","pmd",4,"Recommended,Documentation,Apex","force-app/main/default/classes/ChangePasswordController.cls",4,21,14,2,"Missing ApexDoc @description","https://docs.pmd-code.org/pmd-doc-7.16.0/pmd_rules_apex_documentation.html#apexdoc"
"ApexDoc","pmd",4,"Recommended,Documentation,Apex","force-app/main/default/classes/ChangePasswordController.cls",5,12,5,42,"Missing ApexDoc comment","https://docs.pmd-code.org/pmd-doc-7.16.0/pmd_rules_apex_documentation.html#apexdoc"
"ApexDoc","pmd",4,"Recommended,Documentation,Apex","force-app/main/default/classes/ChangePasswordController.cls",6,12,6,42,"Missing ApexDoc comment","https://docs.pmd-code.org/pmd-doc-7.16.0/pmd_rules_apex_documentation.html#apexdoc"
"ApexDoc","pmd",4,"Recommended,Documentation,Apex","force-app/main/default/classes/ChangePasswordController.cls",7,12,7,48,"Missing ApexDoc comment","https://docs.pmd-code.org/pmd-doc-7.16.0/pmd_rules_apex_documentation.html#apexdoc"
"ApexDoc","pmd",4,"Recommended,Documentation,Apex","force-app/main/default/classes/ChangePasswordController.cls",9,12,11,6,"Missing ApexDoc comment","https://docs.pmd-code.org/pmd-doc-7.16.0/pmd_rules_apex_documentation.html#apexdoc"
"EmptyStatementBlock","pmd",3,"Recommended,ErrorProne,Apex","force-app/main/default/classes/ChangePasswordController.cls",13,5,13,11,"Avoid empty block statements.","https://docs.pmd-code.org/pmd-doc-7.16.0/pmd_rules_apex_errorprone.html#emptystatementblock"
"ApexDoc","pmd",4,"Recommended,Documentation,Apex","force-app/main/default/classes/ChangePasswordController.cls",13,12,13,41,"Missing ApexDoc comment","https://docs.pmd-code.org/pmd-doc-7.16.0/pmd_rules_apex_documentation.html#apexdoc"
"ApexDoc","pmd",4,"Recommended,Documentation,Apex","force-app/main/default/classes/ChangePasswordControllerTest.cls",4,29,14,2,"Missing ApexDoc @description","https://docs.pmd-code.org/pmd-doc-7.16.0/pmd_rules_apex_documentation.html#apexdoc"
"ApexUnitTestClassShouldHaveRunAs","pmd",4,"Recommended,BestPractices,Apex","force-app/main/default/classes/ChangePasswordControllerTest.cls",5,44,13,6,"Apex unit test classes should have at least one System.runAs() call","https://docs.pmd-code.org/pmd-doc-7.16.0/pmd_rules_apex_bestpractices.html#apexunittestclassshouldhaverunas"
"ApexUnitTestShouldNotUseSeeAllDataTrue","pmd",2,"Recommended,BestPractices,Apex","force-app/main/default/classes/ChangePasswordControllerTest.cls",5,44,13,6,"Apex unit tests should not use @isTest(seeAllData = true)","https://docs.pmd-code.org/pmd-doc-7.16.0/pmd_rules_apex_bestpractices.html#apexunittestshouldnotuseseealldatatrue"
"ApexDoc","pmd",4,"Recommended,Documentation,Apex","force-app/main/default/classes/CheckOutProcessor.cls",1,24,64,2,"Missing ApexDoc comment","https://docs.pmd-code.org/pmd-doc-7.16.0/pmd_rules_apex_documentation.html#apexdoc"
"ApexDoc","pmd",4,"Recommended,Documentation,Apex","force-app/main/default/classes/CheckOutProcessor.cls",4,19,63,6,"Missing ApexDoc comment","https://docs.pmd-code.org/pmd-doc-7.16.0/pmd_rules_apex_documentation.html#apexdoc"
"ApexCRUDViolation","pmd",2,"Recommended,Security,Apex","force-app/main/default/classes/CheckOutProcessor.cls",15,40,21,10,"Validate CRUD permission before SOQL/DML operation or enforce user mode","https://docs.pmd-code.org/pmd-doc-7.16.0/pmd_rules_apex_security.html#apexcrudviolation"
"ApexCRUDViolation","pmd",2,"Recommended,Security,Apex","force-app/main/default/classes/CheckOutProcessor.cls",15,40,21,10,"Validate CRUD permission before SOQL/DML operation or enforce user mode","https://docs.pmd-code.org/pmd-doc-7.16.0/pmd_rules_apex_security.html#apexcrudviolation"
"ApexCRUDViolation","pmd",2,"Recommended,Security,Apex","force-app/main/default/classes/CheckOutProcessor.cls",46,39,50,10,"Validate CRUD permission before SOQL/DML operation or enforce user mode","https://docs.pmd-code.org/pmd-doc-7.16.0/pmd_rules_apex_security.html#apexcrudviolation"
"ApexDoc","pmd",4,"Recommended,Documentation,Apex","force-app/main/default/classes/CommunitiesLandingController.cls",4,21,12,2,"Missing ApexDoc @description","https://docs.pmd-code.org/pmd-doc-7.16.0/pmd_rules_apex_documentation.html#apexdoc"
"ApexDoc","pmd",4,"Recommended,Documentation,Apex","force-app/main/default/classes/CommunitiesLandingController.cls",7,12,9,6,"Missing ApexDoc comment","https://docs.pmd-code.org/pmd-doc-7.16.0/pmd_rules_apex_documentation.html#apexdoc"
"EmptyStatementBlock","pmd",3,"Recommended,ErrorProne,Apex","force-app/main/default/classes/CommunitiesLandingController.cls",11,5,11,11,"Avoid empty block statements.","https://docs.pmd-code.org/pmd-doc-7.16.0/pmd_rules_apex_errorprone.html#emptystatementblock"
"ApexDoc","pmd",4,"Recommended,Documentation,Apex","force-app/main/default/classes/CommunitiesLandingController.cls",11,12,11,45,"Missing ApexDoc comment","https://docs.pmd-code.org/pmd-doc-7.16.0/pmd_rules_apex_documentation.html#apexdoc"
"ApexDoc","pmd",4,"Recommended,Documentation,Apex","force-app/main/default/classes/CommunitiesLandingControllerTest.cls",4,29,18,2,"Missing ApexDoc @description","https://docs.pmd-code.org/pmd-doc-7.16.0/pmd_rules_apex_documentation.html#apexdoc"
"ApexUnitTestClassShouldHaveRunAs","pmd",4,"Recommended,BestPractices,Apex","force-app/main/default/classes/CommunitiesLandingControllerTest.cls",5,44,17,6,"Apex unit test classes should have at least one System.runAs() call","https://docs.pmd-code.org/pmd-doc-7.16.0/pmd_rules_apex_bestpractices.html#apexunittestclassshouldhaverunas"
"ApexUnitTestShouldNotUseSeeAllDataTrue","pmd",2,"Recommended,BestPractices,Apex","force-app/main/default/classes/CommunitiesLandingControllerTest.cls",5,44,17,6,"Apex unit tests should not use @isTest(seeAllData = true)","https://docs.pmd-code.org/pmd-doc-7.16.0/pmd_rules_apex_bestpractices.html#apexunittestshouldnotuseseealldatatrue"
"AvoidGlobalModifier","pmd",3,"Recommended,BestPractices,Apex","force-app/main/default/classes/CommunitiesLoginController.cls",4,21,14,2,"Avoid using global modifier","https://docs.pmd-code.org/pmd-doc-7.16.0/pmd_rules_apex_bestpractices.html#avoidglobalmodifier"
"ApexDoc","pmd",4,"Recommended,Documentation,Apex","force-app/main/default/classes/CommunitiesLoginController.cls",4,21,14,2,"Missing ApexDoc @description","https://docs.pmd-code.org/pmd-doc-7.16.0/pmd_rules_apex_documentation.html#apexdoc"
"EmptyStatementBlock","pmd",3,"Recommended,ErrorProne,Apex","force-app/main/default/classes/CommunitiesLoginController.cls",6,5,6,11,"Avoid empty block statements.","https://docs.pmd-code.org/pmd-doc-7.16.0/pmd_rules_apex_errorprone.html#emptystatementblock"
"ApexDoc","pmd",4,"Recommended,Documentation,Apex","force-app/main/default/classes/CommunitiesLoginController.cls",6,12,6,44,"Missing ApexDoc comment","https://docs.pmd-code.org/pmd-doc-7.16.0/pmd_rules_apex_documentation.html#apexdoc"
"ApexDoc","pmd",4,"Recommended,Documentation,Apex","force-app/main/default/classes/CommunitiesLoginController.cls",9,12,13,6,"Missing ApexDoc comment","https://docs.pmd-code.org/pmd-doc-7.16.0/pmd_rules_apex_documentation.html#apexdoc"
"AvoidGlobalModifier","pmd",3,"Recommended,BestPractices,Apex","force-app/main/default/classes/CommunitiesLoginControllerTest.cls",4,29,10,2,"Avoid using global modifier","https://docs.pmd-code.org/pmd-doc-7.16.0/pmd_rules_apex_bestpractices.html#avoidglobalmodifier"
"ApexDoc","pmd",4,"Recommended,Documentation,Apex","force-app/main/default/classes/CommunitiesLoginControllerTest.cls",4,29,10,2,"Missing ApexDoc @description","https://docs.pmd-code.org/pmd-doc-7.16.0/pmd_rules_apex_documentation.html#apexdoc"
"ApexUnitTestClassShouldHaveRunAs","pmd",4,"Recommended,BestPractices,Apex","force-app/main/default/classes/CommunitiesLoginControllerTest.cls",6,19,9,6,"Apex unit test classes should have at least one System.runAs() call","https://docs.pmd-code.org/pmd-doc-7.16.0/pmd_rules_apex_bestpractices.html#apexunittestclassshouldhaverunas"
"ApexUnitTestShouldNotUseSeeAllDataTrue","pmd",2,"Recommended,BestPractices,Apex","force-app/main/default/classes/CommunitiesLoginControllerTest.cls",6,19,9,6,"Apex unit tests should not use @isTest(seeAllData = true)","https://docs.pmd-code.org/pmd-doc-7.16.0/pmd_rules_apex_bestpractices.html#apexunittestshouldnotuseseealldatatrue"
"ApexDoc","pmd",4,"Recommended,Documentation,Apex","force-app/main/default/classes/CommunitiesSelfRegConfirmController.cls",4,21,7,2,"Missing ApexDoc @description","https://docs.pmd-code.org/pmd-doc-7.16.0/pmd_rules_apex_documentation.html#apexdoc"
"EmptyStatementBlock","pmd",3,"Recommended,ErrorProne,Apex","force-app/main/default/classes/CommunitiesSelfRegConfirmController.cls",6,5,6,11,"Avoid empty block statements.","https://docs.pmd-code.org/pmd-doc-7.16.0/pmd_rules_apex_errorprone.html#emptystatementblock"
"ApexDoc","pmd",4,"Recommended,Documentation,Apex","force-app/main/default/classes/CommunitiesSelfRegConfirmController.cls",6,12,6,52,"Missing ApexDoc comment","https://docs.pmd-code.org/pmd-doc-7.16.0/pmd_rules_apex_documentation.html#apexdoc"
"ApexDoc","pmd",4,"Recommended,Documentation,Apex","force-app/main/default/classes/CommunitiesSelfRegConfirmControllerTest.cls",4,29,9,2,"Missing ApexDoc @description","https://docs.pmd-code.org/pmd-doc-7.16.0/pmd_rules_apex_documentation.html#apexdoc"
"ApexUnitTestClassShouldHaveRunAs","pmd",4,"Recommended,BestPractices,Apex","force-app/main/default/classes/CommunitiesSelfRegConfirmControllerTest.cls",5,44,8,8,"Apex unit test classes should have at least one System.runAs() call","https://docs.pmd-code.org/pmd-doc-7.16.0/pmd_rules_apex_bestpractices.html#apexunittestclassshouldhaverunas"
"ApexUnitTestClassShouldHaveAsserts","pmd",3,"Recommended,BestPractices,Apex","force-app/main/default/classes/CommunitiesSelfRegConfirmControllerTest.cls",5,44,8,8,"Apex unit tests should System.assert() or assertEquals() or assertNotEquals()","https://docs.pmd-code.org/pmd-doc-7.16.0/pmd_rules_apex_bestpractices.html#apexunittestclassshouldhaveasserts"
"ApexUnitTestShouldNotUseSeeAllDataTrue","pmd",2,"Recommended,BestPractices,Apex","force-app/main/default/classes/CommunitiesSelfRegConfirmControllerTest.cls",5,44,8,8,"Apex unit tests should not use @isTest(seeAllData = true)","https://docs.pmd-code.org/pmd-doc-7.16.0/pmd_rules_apex_bestpractices.html#apexunittestshouldnotuseseealldatatrue"
"UnusedLocalVariable","pmd",3,"Recommended,BestPractices,Apex","force-app/main/default/classes/CommunitiesSelfRegConfirmControllerTest.cls",7,45,7,99,"Variable 'controller' defined but not used","https://docs.pmd-code.org/pmd-doc-7.16.0/pmd_rules_apex_bestpractices.html#unusedlocalvariable"
"ApexDoc","pmd",4,"Recommended,Documentation,Apex","force-app/main/default/classes/CommunitiesSelfRegController.cls",4,8,74,2,"Missing ApexDoc @description","https://docs.pmd-code.org/pmd-doc-7.16.0/pmd_rules_apex_documentation.html#apexdoc"
"ApexDoc","pmd",4,"Recommended,Documentation,Apex","force-app/main/default/classes/CommunitiesSelfRegController.cls",6,12,6,40,"Missing ApexDoc comment","https://docs.pmd-code.org/pmd-doc-7.16.0/pmd_rules_apex_documentation.html#apexdoc"
"ApexDoc","pmd",4,"Recommended,Documentation,Apex","force-app/main/default/classes/CommunitiesSelfRegController.cls",7,12,7,39,"Missing ApexDoc comment","https://docs.pmd-code.org/pmd-doc-7.16.0/pmd_rules_apex_documentation.html#apexdoc"
"ApexDoc","pmd",4,"Recommended,Documentation,Apex","force-app/main/default/classes/CommunitiesSelfRegController.cls",8,12,8,36,"Missing ApexDoc comment","https://docs.pmd-code.org/pmd-doc-7.16.0/pmd_rules_apex_documentation.html#apexdoc"
"ApexDoc","pmd",4,"Recommended,Documentation,Apex","force-app/main/default/classes/CommunitiesSelfRegController.cls",9,12,9,91,"Missing ApexDoc comment","https://docs.pmd-code.org/pmd-doc-7.16.0/pmd_rules_apex_documentation.html#apexdoc"
"ApexDoc","pmd",4,"Recommended,Documentation,Apex","force-app/main/default/classes/CommunitiesSelfRegController.cls",10,12,10,106,"Missing ApexDoc comment","https://docs.pmd-code.org/pmd-doc-7.16.0/pmd_rules_apex_documentation.html#apexdoc"
"ApexDoc","pmd",4,"Recommended,Documentation,Apex","force-app/main/default/classes/CommunitiesSelfRegController.cls",11,12,11,110,"Missing ApexDoc comment","https://docs.pmd-code.org/pmd-doc-7.16.0/pmd_rules_apex_documentation.html#apexdoc"
"ApexDoc","pmd",4,"Recommended,Documentation,Apex","force-app/main/default/classes/CommunitiesSelfRegController.cls",13,12,18,6,"Missing ApexDoc comment","https://docs.pmd-code.org/pmd-doc-7.16.0/pmd_rules_apex_documentation.html#apexdoc"
"ApexDoc","pmd",4,"Recommended,Documentation,Apex","force-app/main/default/classes/CommunitiesSelfRegController.cls",24,12,73,6,"Missing ApexDoc comment","https://docs.pmd-code.org/pmd-doc-7.16.0/pmd_rules_apex_documentation.html#apexdoc"
"UnusedLocalVariable","pmd",3,"Recommended,BestPractices,Apex","force-app/main/default/classes/CommunitiesSelfRegController.cls",34,16,34,31,"Variable 'roleEnum' defined but not used","https://docs.pmd-code.org/pmd-doc-7.16.0/pmd_rules_apex_bestpractices.html#unusedlocalvariable"
"AvoidDebugStatements","pmd",4,"Recommended,Performance,Apex","force-app/main/default/classes/CommunitiesSelfRegController.cls",59,13,59,42,"Avoid debug statements since they impact on performance","https://docs.pmd-code.org/pmd-doc-7.16.0/pmd_rules_apex_performance.html#avoiddebugstatements"
"DebugsShouldUseLoggingLevel","pmd",4,"Recommended,BestPractices,Apex","force-app/main/default/classes/CommunitiesSelfRegController.cls",59,13,59,42,"Calls to System.debug should specify a logging level.","https://docs.pmd-code.org/pmd-doc-7.16.0/pmd_rules_apex_bestpractices.html#debugsshoulduselogginglevel"
"ApexDoc","pmd",4,"Recommended,Documentation,Apex","force-app/main/default/classes/CommunitiesSelfRegControllerTest.cls",4,29,20,2,"Missing ApexDoc @description","https://docs.pmd-code.org/pmd-doc-7.16.0/pmd_rules_apex_documentation.html#apexdoc"
"ApexUnitTestClassShouldHaveRunAs","pmd",4,"Recommended,BestPractices,Apex","force-app/main/default/classes/CommunitiesSelfRegControllerTest.cls",6,19,19,6,"Apex unit test classes should have at least one System.runAs() call","https://docs.pmd-code.org/pmd-doc-7.16.0/pmd_rules_apex_bestpractices.html#apexunittestclassshouldhaverunas"
"ApexUnitTestShouldNotUseSeeAllDataTrue","pmd",2,"Recommended,BestPractices,Apex","force-app/main/default/classes/CommunitiesSelfRegControllerTest.cls",6,19,19,6,"Apex unit tests should not use @isTest(seeAllData = true)","https://docs.pmd-code.org/pmd-doc-7.16.0/pmd_rules_apex_bestpractices.html#apexunittestshouldnotuseseealldatatrue"
"ApexDoc","pmd",4,"Recommended,Documentation,Apex","force-app/main/default/classes/ContactAction.cls",1,21,20,2,"Missing ApexDoc comment","https://docs.pmd-code.org/pmd-doc-7.16.0/pmd_rules_apex_documentation.html#apexdoc"
"EmptyStatementBlock","pmd",3,"Recommended,ErrorProne,Apex","force-app/main/default/classes/ContactAction.cls",2,3,2,9,"Avoid empty block statements.","https://docs.pmd-code.org/pmd-doc-7.16.0/pmd_rules_apex_errorprone.html#emptystatementblock"
"ApexDoc","pmd",4,"Recommended,Documentation,Apex","force-app/main/default/classes/ContactAction.cls",2,10,3,4,"Missing ApexDoc comment","https://docs.pmd-code.org/pmd-doc-7.16.0/pmd_rules_apex_documentation.html#apexdoc"
"EmptyStatementBlock","pmd",3,"Recommended,ErrorProne,Apex","force-app/main/default/classes/ContactAction.cls",5,3,5,9,"Avoid empty block statements.","https://docs.pmd-code.org/pmd-doc-7.16.0/pmd_rules_apex_errorprone.html#emptystatementblock"
"ApexDoc","pmd",4,"Recommended,Documentation,Apex","force-app/main/default/classes/ContactAction.cls",5,10,19,4,"Missing ApexDoc comment","https://docs.pmd-code.org/pmd-doc-7.16.0/pmd_rules_apex_documentation.html#apexdoc"
"AvoidGlobalModifier","pmd",3,"Recommended,BestPractices,Apex","force-app/main/default/classes/Flight.cls",2,8,31,2,"Avoid using global modifier","https://docs.pmd-code.org/pmd-doc-7.16.0/pmd_rules_apex_bestpractices.html#avoidglobalmodifier"
"ApexDoc","pmd",4,"Recommended,Documentation,Apex","force-app/main/default/classes/Flight.cls",2,8,31,2,"Missing ApexDoc comment","https://docs.pmd-code.org/pmd-doc-7.16.0/pmd_rules_apex_documentation.html#apexdoc"
"ExcessiveParameterList","pmd",3,"Recommended,Design,Apex","force-app/main/default/classes/Flight.cls",22,12,23,79,"Avoid long parameter lists.","https://docs.pmd-code.org/pmd-doc-7.16.0/pmd_rules_apex_design.html#excessiveparameterlist"
"ApexDoc","pmd",4,"Recommended,Documentation,Apex","force-app/main/default/classes/Flight.cls",22,12,30,7,"Missing ApexDoc comment","https://docs.pmd-code.org/pmd-doc-7.16.0/pmd_rules_apex_documentation.html#apexdoc"
"AvoidBooleanMethodParameters","pmd",3,"Recommended,Design,Apex","force-app/main/default/classes/Flight.cls",22,57,22,77,"Avoid Boolean method parameters","https://docs.pmd-code.org/pmd-doc-7.16.0/pmd_rules_apex_design.html#avoidbooleanmethodparameters"
"AvoidGlobalModifier","pmd",3,"Recommended,BestPractices,Apex","force-app/main/default/classes/FlightAgent.cls",1,8,49,2,"Avoid using global modifier","https://docs.pmd-code.org/pmd-doc-7.16.0/pmd_rules_apex_bestpractices.html#avoidglobalmodifier"
"ApexDoc","pmd",4,"Recommended,Documentation,Apex","force-app/main/default/classes/FlightAgent.cls",1,8,49,2,"Missing ApexDoc comment","https://docs.pmd-code.org/pmd-doc-7.16.0/pmd_rules_apex_documentation.html#apexdoc"
"ApexDoc","pmd",4,"Recommended,Documentation,Apex","force-app/main/default/classes/FlightAgent.cls",4,19,25,6,"Missing ApexDoc comment","https://docs.pmd-code.org/pmd-doc-7.16.0/pmd_rules_apex_documentation.html#apexdoc"
"ApexDoc","pmd",4,"Recommended,Documentation,Apex","force-app/main/default/classes/FlightAgent.cls",28,12,41,6,"Missing ApexDoc comment","https://docs.pmd-code.org/pmd-doc-7.16.0/pmd_rules_apex_documentation.html#apexdoc"
"ApexDoc","pmd",4,"Recommended,Documentation,Apex","force-app/main/default/classes/FlightAgent.cls",44,12,48,6,"Missing ApexDoc comment","https://docs.pmd-code.org/pmd-doc-7.16.0/pmd_rules_apex_documentation.html#apexdoc"
"AvoidGlobalModifier","pmd",3,"Recommended,BestPractices,Apex","force-app/main/default/classes/FlightRequestFilter.cls",2,8,9,2,"Avoid using global modifier","https://docs.pmd-code.org/pmd-doc-7.16.0/pmd_rules_apex_bestpractices.html#avoidglobalmodifier"
"ApexDoc","pmd",4,"Recommended,Documentation,Apex","force-app/main/default/classes/FlightRequestFilter.cls",2,8,9,2,"Missing ApexDoc comment","https://docs.pmd-code.org/pmd-doc-7.16.0/pmd_rules_apex_documentation.html#apexdoc"
"ApexDoc","pmd",4,"Recommended,Documentation,Apex","force-app/main/default/classes/FoodOptionService.cls",5,24,19,2,"Missing ApexDoc @description","https://docs.pmd-code.org/pmd-doc-7.16.0/pmd_rules_apex_documentation.html#apexdoc"
"ApexDoc","pmd",4,"Recommended,Documentation,Apex","force-app/main/default/classes/FoodOptionService.cls",12,19,18,6,"Missing ApexDoc @description","https://docs.pmd-code.org/pmd-doc-7.16.0/pmd_rules_apex_documentation.html#apexdoc"
"ApexDoc","pmd",4,"Recommended,Documentation,Apex","force-app/main/default/classes/FoodOptionService.cls",12,19,18,6,"Missing or mismatched ApexDoc @param","https://docs.pmd-code.org/pmd-doc-7.16.0/pmd_rules_apex_documentation.html#apexdoc"
"AvoidNonRestrictiveQueries","pmd",4,"Recommended,Performance,Apex","force-app/main/default/classes/FoodOptionService.cls",13,16,17,10,"Avoid SOQL queries without a where or limit statement","https://docs.pmd-code.org/pmd-doc-7.16.0/pmd_rules_apex_performance.html#avoidnonrestrictivequeries"
"ApexCRUDViolation","pmd",2,"Recommended,Security,Apex","force-app/main/default/classes/FoodOptionService.cls",13,16,17,10,"Validate CRUD permission before SOQL/DML operation or enforce user mode","https://docs.pmd-code.org/pmd-doc-7.16.0/pmd_rules_apex_security.html#apexcrudviolation"
"ApexDoc","pmd",4,"Recommended,Documentation,Apex","force-app/main/default/classes/FoodOrderAction.cls",1,24,100,2,"Missing ApexDoc comment","https://docs.pmd-code.org/pmd-doc-7.16.0/pmd_rules_apex_documentation.html#apexdoc"
"ApexDoc","pmd",4,"Recommended,Documentation,Apex","force-app/main/default/classes/FoodOrderAction.cls",6,12,9,6,"Missing ApexDoc @description","https://docs.pmd-code.org/pmd-doc-7.16.0/pmd_rules_apex_documentation.html#apexdoc"
"ApexDoc","pmd",4,"Recommended,Documentation,Apex","force-app/main/default/classes/FoodOrderAction.cls",14,12,17,6,"Missing ApexDoc @description","https://docs.pmd-code.org/pmd-doc-7.16.0/pmd_rules_apex_documentation.html#apexdoc"
"ApexDoc","pmd",4,"Recommended,Documentation,Apex","force-app/main/default/classes/FoodOrderAction.cls",25,19,99,6,"Missing ApexDoc @description","https://docs.pmd-code.org/pmd-doc-7.16.0/pmd_rules_apex_documentation.html#apexdoc"
"ApexCRUDViolation","pmd",2,"Recommended,Security,Apex","force-app/main/default/classes/FoodOrderAction.cls",43,90,47,14,"Validate CRUD permission before SOQL/DML operation or enforce user mode","https://docs.pmd-code.org/pmd-doc-7.16.0/pmd_rules_apex_security.html#apexcrudviolation"
"ApexCRUDViolation","pmd",2,"Recommended,Security,Apex","force-app/main/default/classes/FoodOrderAction.cls",51,13,51,29,"Validate CRUD permission before SOQL/DML operation or enforce user mode","https://docs.pmd-code.org/pmd-doc-7.16.0/pmd_rules_apex_security.html#apexcrudviolation"
"AvoidDebugStatements","pmd",4,"Recommended,Performance,Apex","force-app/main/default/classes/FoodOrderAction.cls",53,13,53,35,"Avoid debug statements since they impact on performance","https://docs.pmd-code.org/pmd-doc-7.16.0/pmd_rules_apex_performance.html#avoiddebugstatements"
"DebugsShouldUseLoggingLevel","pmd",4,"Recommended,BestPractices,Apex","force-app/main/default/classes/FoodOrderAction.cls",53,13,53,35,"Calls to System.debug should specify a logging level.","https://docs.pmd-code.org/pmd-doc-7.16.0/pmd_rules_apex_bestpractices.html#debugsshoulduselogginglevel"
"ApexCRUDViolation","pmd",2,"Recommended,Security,Apex","force-app/main/default/classes/FoodOrderAction.cls",74,13,74,30,"Validate CRUD permission before SOQL/DML operation or enforce user mode","https://docs.pmd-code.org/pmd-doc-7.16.0/pmd_rules_apex_security.html#apexcrudviolation"
"ApexDoc","pmd",4,"Recommended,Documentation,Apex","force-app/main/default/classes/ForgotPasswordController.cls",4,21,19,2,"Missing ApexDoc @description","https://docs.pmd-code.org/pmd-doc-7.16.0/pmd_rules_apex_documentation.html#apexdoc"
"ApexDoc","pmd",4,"Recommended,Documentation,Apex","force-app/main/default/classes/ForgotPasswordController.cls",5,12,5,39,"Missing ApexDoc comment","https://docs.pmd-code.org/pmd-doc-7.16.0/pmd_rules_apex_documentation.html#apexdoc"
"EmptyStatementBlock","pmd",3,"Recommended,ErrorProne,Apex","force-app/main/default/classes/ForgotPasswordController.cls",7,5,7,11,"Avoid empty block statements.","https://docs.pmd-code.org/pmd-doc-7.16.0/pmd_rules_apex_errorprone.html#emptystatementblock"
"ApexDoc","pmd",4,"Recommended,Documentation,Apex","force-app/main/default/classes/ForgotPasswordController.cls",7,12,7,41,"Missing ApexDoc comment","https://docs.pmd-code.org/pmd-doc-7.16.0/pmd_rules_apex_documentation.html#apexdoc"
"ApexDoc","pmd",4,"Recommended,Documentation,Apex","force-app/main/default/classes/ForgotPasswordController.cls",9,11,18,5,"Missing ApexDoc comment","https://docs.pmd-code.org/pmd-doc-7.16.0/pmd_rules_apex_documentation.html#apexdoc"
"ApexDoc","pmd",4,"Recommended,Documentation,Apex","force-app/main/default/classes/ForgotPasswordControllerTest.cls",4,29,12,2,"Missing ApexDoc @description","https://docs.pmd-code.org/pmd-doc-7.16.0/pmd_rules_apex_documentation.html#apexdoc"
"ApexUnitTestClassShouldHaveRunAs","pmd",4,"Recommended,BestPractices,Apex","force-app/main/default/classes/ForgotPasswordControllerTest.cls",5,44,11,6,"Apex unit test classes should have at least one System.runAs() call","https://docs.pmd-code.org/pmd-doc-7.16.0/pmd_rules_apex_bestpractices.html#apexunittestclassshouldhaverunas"
"ApexUnitTestShouldNotUseSeeAllDataTrue","pmd",2,"Recommended,BestPractices,Apex","force-app/main/default/classes/ForgotPasswordControllerTest.cls",5,44,11,6,"Apex unit tests should not use @isTest(seeAllData = true)","https://docs.pmd-code.org/pmd-doc-7.16.0/pmd_rules_apex_bestpractices.html#apexunittestshouldnotuseseealldatatrue"
"ApexDoc","pmd",4,"Recommended,Documentation,Apex","force-app/main/default/classes/MicrobatchSelfRegController.cls",1,8,57,2,"Missing ApexDoc comment","https://docs.pmd-code.org/pmd-doc-7.16.0/pmd_rules_apex_documentation.html#apexdoc"
"ApexDoc","pmd",4,"Recommended,Documentation,Apex","force-app/main/default/classes/MicrobatchSelfRegController.cls",2,12,2,40,"Missing ApexDoc comment","https://docs.pmd-code.org/pmd-doc-7.16.0/pmd_rules_apex_documentation.html#apexdoc"
"ApexDoc","pmd",4,"Recommended,Documentation,Apex","force-app/main/default/classes/MicrobatchSelfRegController.cls",3,12,3,39,"Missing ApexDoc comment","https://docs.pmd-code.org/pmd-doc-7.16.0/pmd_rules_apex_documentation.html#apexdoc"
"ApexDoc","pmd",4,"Recommended,Documentation,Apex","force-app/main/default/classes/MicrobatchSelfRegController.cls",4,12,4,36,"Missing ApexDoc comment","https://docs.pmd-code.org/pmd-doc-7.16.0/pmd_rules_apex_documentation.html#apexdoc"
"ApexDoc","pmd",4,"Recommended,Documentation,Apex","force-app/main/default/classes/MicrobatchSelfRegController.cls",5,12,5,110,"Missing ApexDoc comment","https://docs.pmd-code.org/pmd-doc-7.16.0/pmd_rules_apex_documentation.html#apexdoc"
"ApexDoc","pmd",4,"Recommended,Documentation,Apex","force-app/main/default/classes/MicrobatchSelfRegController.cls",7,12,12,6,"Missing ApexDoc comment","https://docs.pmd-code.org/pmd-doc-7.16.0/pmd_rules_apex_documentation.html#apexdoc"
"ApexDoc","pmd",4,"Recommended,Documentation,Apex","force-app/main/default/classes/MicrobatchSelfRegController.cls",14,12,56,6,"Missing ApexDoc comment","https://docs.pmd-code.org/pmd-doc-7.16.0/pmd_rules_apex_documentation.html#apexdoc"
"UnusedLocalVariable","pmd",3,"Recommended,BestPractices,Apex","force-app/main/default/classes/MicrobatchSelfRegController.cls",16,16,16,27,"Variable 'accountName' defined but not used","https://docs.pmd-code.org/pmd-doc-7.16.0/pmd_rules_apex_bestpractices.html#unusedlocalvariable"
"UnusedLocalVariable","pmd",3,"Recommended,BestPractices,Apex","force-app/main/default/classes/MicrobatchSelfRegController.cls",17,16,17,27,"Variable 'contactName' defined but not used","https://docs.pmd-code.org/pmd-doc-7.16.0/pmd_rules_apex_bestpractices.html#unusedlocalvariable"
"LocalVariableNamingConventions","pmd",3,"Recommended,CodeStyle,Apex","force-app/main/default/classes/MicrobatchSelfRegController.cls",19,16,19,20,"The local variable name 'UUID' doesn't match '[a-z][a-zA-Z0-9]*'","https://docs.pmd-code.org/pmd-doc-7.16.0/pmd_rules_apex_codestyle.html#localvariablenamingconventions"
"AvoidDebugStatements","pmd",4,"Recommended,Performance,Apex","force-app/main/default/classes/MicrobatchSelfRegController.cls",48,13,48,42,"Avoid debug statements since they impact on performance","https://docs.pmd-code.org/pmd-doc-7.16.0/pmd_rules_apex_performance.html#avoiddebugstatements"
"DebugsShouldUseLoggingLevel","pmd",4,"Recommended,BestPractices,Apex","force-app/main/default/classes/MicrobatchSelfRegController.cls",48,13,48,42,"Calls to System.debug should specify a logging level.","https://docs.pmd-code.org/pmd-doc-7.16.0/pmd_rules_apex_bestpractices.html#debugsshoulduselogginglevel"
"ApexUnitTestClassShouldHaveRunAs","pmd",4,"Recommended,BestPractices,Apex","force-app/main/default/classes/MicrobatchSelfRegControllerTest.cls",4,20,13,7,"Apex unit test classes should have at least one System.runAs() call","https://docs.pmd-code.org/pmd-doc-7.16.0/pmd_rules_apex_bestpractices.html#apexunittestclassshouldhaverunas"
"ApexUnitTestShouldNotUseSeeAllDataTrue","pmd",2,"Recommended,BestPractices,Apex","force-app/main/default/classes/MicrobatchSelfRegControllerTest.cls",4,20,13,7,"Apex unit tests should not use @isTest(seeAllData = true)","https://docs.pmd-code.org/pmd-doc-7.16.0/pmd_rules_apex_bestpractices.html#apexunittestshouldnotuseseealldatatrue"
"ApexDoc","pmd",4,"Recommended,Documentation,Apex","force-app/main/default/classes/MyProfilePageController.cls",5,21,53,2,"Missing ApexDoc @description","https://docs.pmd-code.org/pmd-doc-7.16.0/pmd_rules_apex_documentation.html#apexdoc"
"ApexDoc","pmd",4,"Recommended,Documentation,Apex","force-app/main/default/classes/MyProfilePageController.cls",10,12,12,6,"Missing ApexDoc comment","https://docs.pmd-code.org/pmd-doc-7.16.0/pmd_rules_apex_documentation.html#apexdoc"
"ApexDoc","pmd",4,"Recommended,Documentation,Apex","force-app/main/default/classes/MyProfilePageController.cls",14,12,23,6,"Missing ApexDoc comment","https://docs.pmd-code.org/pmd-doc-7.16.0/pmd_rules_apex_documentation.html#apexdoc"
"ApexCRUDViolation","pmd",2,"Recommended,Security,Apex","force-app/main/default/classes/MyProfilePageController.cls",15,16,18,50,"Validate CRUD permission before SOQL/DML operation or enforce user mode","https://docs.pmd-code.org/pmd-doc-7.16.0/pmd_rules_apex_security.html#apexcrudviolation"
"ApexDoc","pmd",4,"Recommended,Documentation,Apex","force-app/main/default/classes/MyProfilePageController.cls",25,12,27,6,"Missing ApexDoc comment","https://docs.pmd-code.org/pmd-doc-7.16.0/pmd_rules_apex_documentation.html#apexdoc"
"ApexDoc","pmd",4,"Recommended,Documentation,Apex","force-app/main/default/classes/MyProfilePageController.cls",29,12,31,6,"Missing ApexDoc comment","https://docs.pmd-code.org/pmd-doc-7.16.0/pmd_rules_apex_documentation.html#apexdoc"
"ApexDoc","pmd",4,"Recommended,Documentation,Apex","force-app/main/default/classes/MyProfilePageController.cls",33,12,40,6,"Missing ApexDoc comment","https://docs.pmd-code.org/pmd-doc-7.16.0/pmd_rules_apex_documentation.html#apexdoc"
"ApexCRUDViolation","pmd",2,"Recommended,Security,Apex","force-app/main/default/classes/MyProfilePageController.cls",35,13,35,25,"Validate CRUD permission before SOQL/DML operation or enforce user mode","https://docs.pmd-code.org/pmd-doc-7.16.0/pmd_rules_apex_security.html#apexcrudviolation"
"ApexDoc","pmd",4,"Recommended,Documentation,Apex","force-app/main/default/classes/MyProfilePageController.cls",42,12,44,6,"Missing ApexDoc comment","https://docs.pmd-code.org/pmd-doc-7.16.0/pmd_rules_apex_documentation.html#apexdoc"
"ApexDoc","pmd",4,"Recommended,Documentation,Apex","force-app/main/default/classes/MyProfilePageController.cls",46,12,52,6,"Missing ApexDoc comment","https://docs.pmd-code.org/pmd-doc-7.16.0/pmd_rules_apex_documentation.html#apexdoc"
"ApexCRUDViolation","pmd",2,"Recommended,Security,Apex","force-app/main/default/classes/MyProfilePageController.cls",48,16,51,50,"Validate CRUD permission before SOQL/DML operation or enforce user mode","https://docs.pmd-code.org/pmd-doc-7.16.0/pmd_rules_apex_security.html#apexcrudviolation"
"ApexDoc","pmd",4,"Recommended,Documentation,Apex","force-app/main/default/classes/MyProfilePageControllerTest.cls",5,29,55,2,"Missing ApexDoc @description","https://docs.pmd-code.org/pmd-doc-7.16.0/pmd_rules_apex_documentation.html#apexdoc"
"ApexUnitTestShouldNotUseSeeAllDataTrue","pmd",2,"Recommended,BestPractices,Apex","force-app/main/default/classes/MyProfilePageControllerTest.cls",7,37,54,6,"Apex unit tests should not use @isTest(seeAllData = true)","https://docs.pmd-code.org/pmd-doc-7.16.0/pmd_rules_apex_bestpractices.html#apexunittestshouldnotuseseealldatatrue"
"AvoidGlobalModifier","pmd",3,"Recommended,BestPractices,Apex","force-app/main/default/classes/SiteLoginController.cls",4,21,14,2,"Avoid using global modifier","https://docs.pmd-code.org/pmd-doc-7.16.0/pmd_rules_apex_bestpractices.html#avoidglobalmodifier"
"ApexDoc","pmd",4,"Recommended,Documentation,Apex","force-app/main/default/classes/SiteLoginController.cls",4,21,14,2,"Missing ApexDoc @description","https://docs.pmd-code.org/pmd-doc-7.16.0/pmd_rules_apex_documentation.html#apexdoc"
"ApexDoc","pmd",4,"Recommended,Documentation,Apex","force-app/main/default/classes/SiteLoginController.cls",5,12,5,39,"Missing ApexDoc comment","https://docs.pmd-code.org/pmd-doc-7.16.0/pmd_rules_apex_documentation.html#apexdoc"
"ApexDoc","pmd",4,"Recommended,Documentation,Apex","force-app/main/default/classes/SiteLoginController.cls",6,12,6,39,"Missing ApexDoc comment","https://docs.pmd-code.org/pmd-doc-7.16.0/pmd_rules_apex_documentation.html#apexdoc"
"ApexDoc","pmd",4,"Recommended,Documentation,Apex","force-app/main/default/classes/SiteLoginController.cls",8,12,11,6,"Missing ApexDoc comment","https://docs.pmd-code.org/pmd-doc-7.16.0/pmd_rules_apex_documentation.html#apexdoc"
"EmptyStatementBlock","pmd",3,"Recommended,ErrorProne,Apex","force-app/main/default/classes/SiteLoginController.cls",13,5,13,11,"Avoid empty block statements.","https://docs.pmd-code.org/pmd-doc-7.16.0/pmd_rules_apex_errorprone.html#emptystatementblock"
"ApexDoc","pmd",4,"Recommended,Documentation,Apex","force-app/main/default/classes/SiteLoginController.cls",13,12,13,37,"Missing ApexDoc comment","https://docs.pmd-code.org/pmd-doc-7.16.0/pmd_rules_apex_documentation.html#apexdoc"
"AvoidGlobalModifier","pmd",3,"Recommended,BestPractices,Apex","force-app/main/default/classes/SiteLoginControllerTest.cls",4,29,13,2,"Avoid using global modifier","https://docs.pmd-code.org/pmd-doc-7.16.0/pmd_rules_apex_bestpractices.html#avoidglobalmodifier"
"ApexDoc","pmd",4,"Recommended,Documentation,Apex","force-app/main/default/classes/SiteLoginControllerTest.cls",4,29,13,2,"Missing ApexDoc @description","https://docs.pmd-code.org/pmd-doc-7.16.0/pmd_rules_apex_documentation.html#apexdoc"
"ApexUnitTestClassShouldHaveRunAs","pmd",4,"Recommended,BestPractices,Apex","force-app/main/default/classes/SiteLoginControllerTest.cls",5,44,12,6,"Apex unit test classes should have at least one System.runAs() call","https://docs.pmd-code.org/pmd-doc-7.16.0/pmd_rules_apex_bestpractices.html#apexunittestclassshouldhaverunas"
"ApexUnitTestShouldNotUseSeeAllDataTrue","pmd",2,"Recommended,BestPractices,Apex","force-app/main/default/classes/SiteLoginControllerTest.cls",5,44,12,6,"Apex unit tests should not use @isTest(seeAllData = true)","https://docs.pmd-code.org/pmd-doc-7.16.0/pmd_rules_apex_bestpractices.html#apexunittestshouldnotuseseealldatatrue"
"ApexDoc","pmd",4,"Recommended,Documentation,Apex","force-app/main/default/classes/SiteRegisterController.cls",4,21,50,2,"Missing ApexDoc @description","https://docs.pmd-code.org/pmd-doc-7.16.0/pmd_rules_apex_documentation.html#apexdoc"
"FieldNamingConventions","pmd",3,"Recommended,CodeStyle,Apex","force-app/main/default/classes/SiteRegisterController.cls",7,23,7,60,"The static field name 'PORTAL_ACCOUNT_ID' doesn't match '[a-z][a-zA-Z0-9]*'","https://docs.pmd-code.org/pmd-doc-7.16.0/pmd_rules_apex_codestyle.html#fieldnamingconventions"
"AvoidHardcodingId","pmd",3,"Recommended,ErrorProne,Apex","force-app/main/default/classes/SiteRegisterController.cls",7,43,7,60,"Hardcoding Ids is bound to break when changing environments.","https://docs.pmd-code.org/pmd-doc-7.16.0/pmd_rules_apex_errorprone.html#avoidhardcodingid"
"EmptyStatementBlock","pmd",3,"Recommended,ErrorProne,Apex","force-app/main/default/classes/SiteRegisterController.cls",9,5,9,11,"Avoid empty block statements.","https://docs.pmd-code.org/pmd-doc-7.16.0/pmd_rules_apex_errorprone.html#emptystatementblock"
"ApexDoc","pmd",4,"Recommended,Documentation,Apex","force-app/main/default/classes/SiteRegisterController.cls",9,12,10,6,"Missing ApexDoc comment","https://docs.pmd-code.org/pmd-doc-7.16.0/pmd_rules_apex_documentation.html#apexdoc"
"ApexDoc","pmd",4,"Recommended,Documentation,Apex","force-app/main/default/classes/SiteRegisterController.cls",12,12,12,39,"Missing ApexDoc comment","https://docs.pmd-code.org/pmd-doc-7.16.0/pmd_rules_apex_documentation.html#apexdoc"
"ApexDoc","pmd",4,"Recommended,Documentation,Apex","force-app/main/default/classes/SiteRegisterController.cls",13,12,13,36,"Missing ApexDoc comment","https://docs.pmd-code.org/pmd-doc-7.16.0/pmd_rules_apex_documentation.html#apexdoc"
"ApexDoc","pmd",4,"Recommended,Documentation,Apex","force-app/main/default/classes/SiteRegisterController.cls",14,12,14,91,"Missing ApexDoc comment","https://docs.pmd-code.org/pmd-doc-7.16.0/pmd_rules_apex_documentation.html#apexdoc"
"ApexDoc","pmd",4,"Recommended,Documentation,Apex","force-app/main/default/classes/SiteRegisterController.cls",15,12,15,106,"Missing ApexDoc comment","https://docs.pmd-code.org/pmd-doc-7.16.0/pmd_rules_apex_documentation.html#apexdoc"
"ApexDoc","pmd",4,"Recommended,Documentation,Apex","force-app/main/default/classes/SiteRegisterController.cls",16,12,16,110,"Missing ApexDoc comment","https://docs.pmd-code.org/pmd-doc-7.16.0/pmd_rules_apex_documentation.html#apexdoc"
"ApexDoc","pmd",4,"Recommended,Documentation,Apex","force-app/main/default/classes/SiteRegisterController.cls",22,12,49,6,"Missing ApexDoc comment","https://docs.pmd-code.org/pmd-doc-7.16.0/pmd_rules_apex_documentation.html#apexdoc"
"ApexDoc","pmd",4,"Recommended,Documentation,Apex","force-app/main/default/classes/SiteRegisterControllerTest.cls",4,29,17,2,"Missing ApexDoc @description","https://docs.pmd-code.org/pmd-doc-7.16.0/pmd_rules_apex_documentation.html#apexdoc"
"ApexUnitTestClassShouldHaveRunAs","pmd",4,"Recommended,BestPractices,Apex","force-app/main/default/classes/SiteRegisterControllerTest.cls",5,37,16,6,"Apex unit test classes should have at least one System.runAs() call","https://docs.pmd-code.org/pmd-doc-7.16.0/pmd_rules_apex_bestpractices.html#apexunittestclassshouldhaverunas"
"ApexUnitTestShouldNotUseSeeAllDataTrue","pmd",2,"Recommended,BestPractices,Apex","force-app/main/default/classes/SiteRegisterControllerTest.cls",5,37,16,6,"Apex unit tests should not use @isTest(seeAllData = true)","https://docs.pmd-code.org/pmd-doc-7.16.0/pmd_rules_apex_bestpractices.html#apexunittestshouldnotuseseealldatatrue"
"UninstantiableEngineError","flow",1,,,,,,,"The engine with name 'flow' could not be instantiated. Error: Could not locate a Python v3.10.0+ install using any of the following: [""python3"",""python""].
If you have python installed, specify the command in your Code Analyzer configuration as the value of property 'engines.flow.python_command'.
If you choose not to install python, you may disable the 'flow' engine in your Code Analyzer configuration by setting 'engines.flow.disable_engine' to true.
    at FlowScannerEngineConfigValueExtractor.findPythonCommandPathFromEnvironment (/home/yutosato/.local/share/sf/node_modules/@salesforce/plugin-code-analyzer/node_modules/@salesforce/code-analyzer-flow-engine/dist/config.js:69:15)
    at process.processTicksAndRejections (node:internal/process/task_queues:105:5)
    at async FlowScannerEngineConfigValueExtractor.extractPythonCommandPath (/home/yutosato/.local/share/sf/node_modules/@salesforce/plugin-code-analyzer/node_modules/@salesforce/code-analyzer-flow-engine/dist/config.js:36:13)
    at async validateAndNormalizeConfig (/home/yutosato/.local/share/sf/node_modules/@salesforce/plugin-code-analyzer/node_modules/@salesforce/code-analyzer-flow-engine/dist/config.js:23:25)
    at async FlowScannerEnginePlugin.createEngineConfig (/home/yutosato/.local/share/sf/node_modules/@salesforce/plugin-code-analyzer/node_modules/@salesforce/code-analyzer-flow-engine/dist/plugin.js:25:16)
    at async CodeAnalyzer.createAndAddEngineIfValid (/home/yutosato/.local/share/sf/node_modules/@salesforce/plugin-code-analyzer/node_modules/@salesforce/code-analyzer-core/dist/code-analyzer.js:383:34)
    at async Promise.all (index 0)
    at async CodeAnalyzer.addEnginePlugin (/home/yutosato/.local/share/sf/node_modules/@salesforce/plugin-code-analyzer/node_modules/@salesforce/code-analyzer-core/dist/code-analyzer.js:139:9)
    at async Promise.all (index 4)
    at async RunAction.execute (/home/yutosato/.local/share/sf/node_modules/@salesforce/plugin-code-analyzer/lib/lib/actions/RunAction.js:68:9)",
